{
  "category_counts": {
    "gpqa-diamond": 75
  },
  "complete_trace_count": 57,
  "config": {
    "dataset": "fingertap/GPQA-Diamond",
    "dataset_format": "gpqa-diamond",
    "gpu_memory_utilization": 0.9,
    "matched_control_experiment": true,
    "max_model_len": 20480,
    "max_num_seqs": 32,
    "model": "google/gemma-4-12B-it",
    "num_rows": 75,
    "output_dir": "outputs/matched_controls_gemma4_12b/gpqa_diamond/seed_3",
    "resume_traces": false,
    "row_indices": [
      1,
      4,
      5,
      7,
      9,
      10,
      11,
      12,
      15,
      18,
      22,
      24,
      28,
      30,
      38,
      39,
      41,
      42,
      55,
      64,
      65,
      67,
      69,
      71,
      75,
      77,
      78,
      84,
      86,
      87,
      88,
      89,
      91,
      93,
      94,
      95,
      98,
      99,
      101,
      103,
      106,
      107,
      109,
      111,
      112,
      113,
      114,
      115,
      116,
      117,
      120,
      123,
      128,
      130,
      136,
      137,
      143,
      146,
      149,
      152,
      154,
      155,
      157,
      158,
      160,
      161,
      163,
      171,
      172,
      183,
      184,
      185,
      189,
      192,
      196
    ],
    "seed": 3,
    "selection": "indices",
    "split": "test",
    "start_row": 0,
    "trace_max_tokens": 16384
  },
  "matched_control_experiment": true,
  "outcome_counts": {
    "gained": 18,
    "lost": 4,
    "stable_correct": 18,
    "stable_wrong": 35
  },
  "outcome_counts_complete_traces": {
    "gained": 16,
    "lost": 2,
    "stable_correct": 16,
    "stable_wrong": 23
  },
  "per_decile_accuracy": {
    "0": 0.29333333333333333,
    "10": 0.3333333333333333,
    "100": 0.48,
    "20": 0.44,
    "30": 0.4,
    "40": 0.44,
    "50": 0.5066666666666667,
    "60": 0.48,
    "70": 0.41333333333333333,
    "80": 0.48,
    "90": 0.5066666666666667
  },
  "per_decile_accuracy_complete_traces": {
    "0": 0.3157894736842105,
    "10": 0.40350877192982454,
    "100": 0.5614035087719298,
    "20": 0.5087719298245614,
    "30": 0.45614035087719296,
    "40": 0.5263157894736842,
    "50": 0.5964912280701754,
    "60": 0.543859649122807,
    "70": 0.5263157894736842,
    "80": 0.5964912280701754,
    "90": 0.6140350877192983
  },
  "trace_completion_rate": 0.76,
  "trace_count": 75,
  "trajectory_row_count": 825,
  "truncated_trace_count": 18,
  "validation": {
    "checks": {
      "finite_valid_choice_probabilities": true,
      "full_trace_coverage_at_decile_100": true,
      "predictions_within_valid_choices": true,
      "trace_count_matches_selection": true,
      "trajectory_row_count": true
    },
    "passed": true
  }
}
