{
  "category_counts": {
    "gpqa-diamond": 75
  },
  "complete_trace_count": 58,
  "config": {
    "dataset": "fingertap/GPQA-Diamond",
    "dataset_format": "gpqa-diamond",
    "gpu_memory_utilization": 0.9,
    "matched_control_experiment": true,
    "max_model_len": 20480,
    "max_num_seqs": 32,
    "model": "google/gemma-4-12B-it",
    "num_rows": 75,
    "output_dir": "outputs/matched_controls_gemma4_12b/gpqa_diamond/seed_1",
    "resume_traces": false,
    "row_indices": [
      1,
      4,
      5,
      7,
      9,
      10,
      11,
      12,
      15,
      18,
      22,
      24,
      28,
      30,
      38,
      39,
      41,
      42,
      55,
      64,
      65,
      67,
      69,
      71,
      75,
      77,
      78,
      84,
      86,
      87,
      88,
      89,
      91,
      93,
      94,
      95,
      98,
      99,
      101,
      103,
      106,
      107,
      109,
      111,
      112,
      113,
      114,
      115,
      116,
      117,
      120,
      123,
      128,
      130,
      136,
      137,
      143,
      146,
      149,
      152,
      154,
      155,
      157,
      158,
      160,
      161,
      163,
      171,
      172,
      183,
      184,
      185,
      189,
      192,
      196
    ],
    "seed": 1,
    "selection": "indices",
    "split": "test",
    "start_row": 0,
    "trace_max_tokens": 16384
  },
  "matched_control_experiment": true,
  "outcome_counts": {
    "gained": 15,
    "lost": 5,
    "stable_correct": 17,
    "stable_wrong": 38
  },
  "outcome_counts_complete_traces": {
    "gained": 12,
    "lost": 2,
    "stable_correct": 15,
    "stable_wrong": 29
  },
  "per_decile_accuracy": {
    "0": 0.29333333333333333,
    "10": 0.25333333333333335,
    "100": 0.4266666666666667,
    "20": 0.32,
    "30": 0.37333333333333335,
    "40": 0.4,
    "50": 0.4533333333333333,
    "60": 0.5066666666666667,
    "70": 0.49333333333333335,
    "80": 0.49333333333333335,
    "90": 0.5333333333333333
  },
  "per_decile_accuracy_complete_traces": {
    "0": 0.29310344827586204,
    "10": 0.27586206896551724,
    "100": 0.46551724137931033,
    "20": 0.3620689655172414,
    "30": 0.39655172413793105,
    "40": 0.4482758620689655,
    "50": 0.5,
    "60": 0.5517241379310345,
    "70": 0.5172413793103449,
    "80": 0.5344827586206896,
    "90": 0.5689655172413793
  },
  "trace_completion_rate": 0.7733333333333333,
  "trace_count": 75,
  "trajectory_row_count": 825,
  "truncated_trace_count": 17,
  "validation": {
    "checks": {
      "finite_valid_choice_probabilities": true,
      "full_trace_coverage_at_decile_100": true,
      "predictions_within_valid_choices": true,
      "trace_count_matches_selection": true,
      "trajectory_row_count": true
    },
    "passed": true
  }
}
