{
  "category_counts": {
    "gpqa-diamond": 75
  },
  "complete_trace_count": 75,
  "config": {
    "dataset": "fingertap/GPQA-Diamond",
    "dataset_format": "gpqa-diamond",
    "gpu_memory_utilization": 0.9,
    "matched_control_experiment": true,
    "max_model_len": 49152,
    "max_num_seqs": 16,
    "model": "google/gemma-4-12B-it",
    "num_rows": 75,
    "output_dir": "outputs/matched_controls_gemma4_12b_extended/gpqa_diamond/seed_2",
    "resume_traces": false,
    "row_indices": [
      1,
      4,
      5,
      7,
      9,
      10,
      11,
      12,
      15,
      18,
      22,
      24,
      28,
      30,
      38,
      39,
      41,
      42,
      55,
      64,
      65,
      67,
      69,
      71,
      75,
      77,
      78,
      84,
      86,
      87,
      88,
      89,
      91,
      93,
      94,
      95,
      98,
      99,
      101,
      103,
      106,
      107,
      109,
      111,
      112,
      113,
      114,
      115,
      116,
      117,
      120,
      123,
      128,
      130,
      136,
      137,
      143,
      146,
      149,
      152,
      154,
      155,
      157,
      158,
      160,
      161,
      163,
      171,
      172,
      183,
      184,
      185,
      189,
      192,
      196
    ],
    "seed": 2,
    "selection": "indices",
    "split": "test",
    "start_row": 0,
    "trace_max_tokens": 32768
  },
  "outcome_counts": {
    "gained": 17,
    "lost": 3,
    "stable_correct": 19,
    "stable_wrong": 36
  },
  "outcome_counts_complete_traces": {
    "gained": 17,
    "lost": 3,
    "stable_correct": 19,
    "stable_wrong": 36
  },
  "per_decile_accuracy": {
    "0": 0.29333333333333333,
    "10": 0.29333333333333333,
    "100": 0.48,
    "20": 0.4,
    "30": 0.44,
    "40": 0.41333333333333333,
    "50": 0.4666666666666667,
    "60": 0.48,
    "70": 0.44,
    "80": 0.4666666666666667,
    "90": 0.5066666666666667
  },
  "per_decile_accuracy_complete_traces": {
    "0": 0.29333333333333333,
    "10": 0.29333333333333333,
    "100": 0.48,
    "20": 0.4,
    "30": 0.44,
    "40": 0.41333333333333333,
    "50": 0.4666666666666667,
    "60": 0.48,
    "70": 0.44,
    "80": 0.4666666666666667,
    "90": 0.5066666666666667
  },
  "trace_completion_rate": 1.0,
  "trace_count": 75,
  "trace_extension": {
    "extended_trace_count": 25,
    "extension_max_tokens": 16384,
    "forced_completion_count": 2,
    "max_extension_rounds": 1,
    "remaining_truncated_trace_count": 0,
    "source_dir": "outputs/matched_controls_gemma4_12b/gpqa_diamond/seed_2"
  },
  "trajectory_row_count": 825,
  "truncated_trace_count": 0,
  "validation": {
    "checks": {
      "finite_valid_choice_probabilities": true,
      "full_trace_coverage_at_decile_100": true,
      "predictions_within_valid_choices": true,
      "trace_count_matches_selection": true,
      "trajectory_row_count": true
    },
    "passed": true
  }
}
