{
  "category_counts": {
    "gpqa-diamond": 3
  },
  "complete_trace_count": 3,
  "config": {
    "dataset": "fingertap/GPQA-Diamond",
    "dataset_format": "gpqa-diamond",
    "gpu_memory_utilization": 0.9,
    "max_model_len": 20480,
    "max_num_seqs": 16,
    "model": "google/gemma-4-12B-it",
    "num_rows": 3,
    "output_dir": "outputs/gpqa_diamond_gemma4_12b_smoke",
    "resume_traces": true,
    "seed": 0,
    "selection": "contiguous",
    "split": "test",
    "start_row": 0,
    "trace_max_tokens": 16384
  },
  "outcome_counts": {
    "gained": 2,
    "stable_wrong": 1
  },
  "outcome_counts_complete_traces": {
    "gained": 2,
    "stable_wrong": 1
  },
  "per_decile_accuracy": {
    "0": 0.0,
    "10": 0.0,
    "100": 0.6666666666666666,
    "20": 0.0,
    "30": 0.6666666666666666,
    "40": 0.3333333333333333,
    "50": 0.3333333333333333,
    "60": 0.3333333333333333,
    "70": 0.6666666666666666,
    "80": 0.3333333333333333,
    "90": 0.6666666666666666
  },
  "per_decile_accuracy_complete_traces": {
    "0": 0.0,
    "10": 0.0,
    "100": 0.6666666666666666,
    "20": 0.0,
    "30": 0.6666666666666666,
    "40": 0.3333333333333333,
    "50": 0.3333333333333333,
    "60": 0.3333333333333333,
    "70": 0.6666666666666666,
    "80": 0.3333333333333333,
    "90": 0.6666666666666666
  },
  "timings_seconds": {
    "dataset_loading": 0.767,
    "model_initialization": 91.61,
    "output_processing": 0.029,
    "total_before_summary_write": 262.525,
    "trace_generation": 168.276,
    "trajectory_probing": 1.842
  },
  "trace_completion_rate": 1.0,
  "trace_count": 3,
  "trace_reuse": {
    "generated": 1,
    "reused": 2
  },
  "trajectory_row_count": 33,
  "truncated_trace_count": 0,
  "validation": {
    "checks": {
      "finite_valid_choice_probabilities": true,
      "full_trace_coverage_at_decile_100": true,
      "predictions_within_valid_choices": true,
      "trace_count_matches_selection": true,
      "trajectory_row_count": true
    },
    "passed": true
  }
}
